{"model_name":{"0":"model-v0-80","1":"model-v0-80","2":"model-v0-80","3":"model-v1-80","4":"model-v1-80","5":"model-v1-80"},"level":{"0":"low","1":"medium","2":"high","3":"low","4":"medium","5":"high"},"precision":{"0":0.781779661,"1":0.6909581646,"2":0.8948339483,"3":0.7718550107,"4":0.6904761905,"5":0.8765217391},"recall":{"0":0.7469635628,"1":0.6505717916,"2":0.9238095238,"3":0.7111984283,"4":0.5964010283,"5":0.9359331476},"fscore":{"0":0.7639751553,"1":0.6701570681,"2":0.9090909091,"3":0.7402862986,"4":0.64,"5":0.9052537045},"support":{"0":494,"1":787,"2":2100,"3":509,"4":778,"5":2154}}